Workbook

Sheet README
A1: Recipes for POS - normalized workbook
A2: Purpose | B2: Transpose the original wide recipe-costing sheet into app-friendly tabs.
A3: Source workbook | B3: https://docs.google.com/spreadsheets/d/1MDDgsjl6ZxmfJe2bMK8kLi3vLb7xyTPY88UAPB9R6-c/edit?usp=sharing
A4: Source shape | B4: One recipe row followed by repeated component blocks across Component 1-11.
A5: Created from | B5: 138 recipes and 514 component rows transposed from the visible source data.
A6: Tabs | B6: Recipes, Recipe_Components, Menus, Menu_Lines, Venue_Summary
A7: Notes | B7: calc_component_cost, variance_calc and gp_calc are formula-driven. Demo menus are included for app wiring and can be replaced.

Sheet Validation
A1: Recipes for POS normalization QA
A3: Source workbook row range reviewed | B3: 1 to 157
A4: Normalized recipe rows | B4: 138
A5: Normalized component rows | B5: 514
A6: Orphan components | B6: 0
A7: Duplicate source_row values | B7: 0
A8: Blank separator rows skipped | B8: 19
A9: Recipes with missing or zero sale price | B9: 44
A10: Source vs component-cost mismatches | B10: 6
A12: Interpretation
A13: • The 19 skipped source rows are separator / blank rows between menu sections, not missing recipes.
A14: • The normalized workbook carries 138 recipe rows and 514 component rows.
A15: • Six recipes show a mismatch between the source row-level COST and the sum of imported components. These were preserved and flagged below rather than overwritten silently.
A16: • Rows with blank or zero selling price were preserved from source so pricing gaps can be fixed later without losing recipes.
A18: separator_source_rows_intentionally_skipped
A19: 7
A20: 19
A21: 31
A22: 32
A23: 33
A24: 38
A25: 44
A26: 51
A27: 69
A28: 76
A29: 83
A30: 88
... A37: 146
A39: recipe_id | B39: source_row | C39: restaurant | D39: name | E39: source_cost | F39: component_cost_sum | G39: delta
A40: 20 | B40: 22 | C40: Tasi | D40: Fried Halloumi with Warmed Honey & Thyme | E40: 0 | F40: 0.6375 | G40: 0.6375
A41: 43 | B41: 50 | C41: Tasi | D41: Broccoli | E41: 0 | F41: 1.068 | G41: 1.068
A42: 124 | B42: 142 | C42: Mikro Nisi | D42: Greek salad with crumbled manouri cheese | E42: 2.448 | F42: 2.4529 | G42: 0.0049
A43: 133 | B43: 152 | C43: Mikro Nisi | D43: Chicken Stifado | E43: 2.1639 | F43: 2.201 | G43: 0.0371
A44: 135 | B44: 154 | C44: Mikro Nisi | D44: Baked Seabass, wild rice and spinach | E44: 6.61012 | F44: 6.64012 | G44: 0.03
A45: 138 | B45: 157 | C45: Mikro Nisi | D45: Pork Gyros Special | E45: 2.0361671 | F45: 2.0316671 | G45: -0.0045000001

Sheet Recipe_Components
A1: recipe_id | B1: component_sort | C1: ingredient_name | D1: ingredient_item_code | E1: quantity_by_weight_grams | F1: component_cost
A2: 1 | B2: 1 | C2: Beef fillet | D2: 101.BEEF4 | E2: 80 | F2: 2.384
A3: 1 | B3: 2 | C3: Rocket | D3: 106.FRVEG156 | E3: 50 | F3: 0.375
A4: 1 | B4: 3 | C4: Parmesan | D4: 106.CHE43 | E4: 20 | F4: 0.276
A5: 1 | B5: 4 | C5: olive oil | D5: 109.OIL1 | E5: 10 | F5: 0.06
A6: 1 | B6: 5 | C6: Onion | E6: 10
A7: 2 | B7: 1 | C7: Courgette | D7: 106.FRVEG19 | E7: 170 | F7: 0.425
A8: 2 | B8: 2 | C8: flour | D8: 107.FLO1 | E8: 40 | F8: 0.0344
A9: 2 | B9: 3 | C9: garlic powder | D9: 107.SPIC15 | E9: 3 | F9: 0.03654
A10: 2 | B10: 4 | C10: garlic | D10: 106.FRVEG10 | E10: 5 | F10: 0.037
A11: 2 | B11: 5 | C11: Fresh parsley | D11: 106.FRVEG42 | E11: 5 | F11: 0.0045
A12: 2 | B12: 6 | C12: Baking Powder | D12: 107.FLO3 | E12: 2 | F12: 0.0098
A13: 2 | B13: 7 | C13: Spicy Tomato Sauce Batch | D13: BCH004 | E13: 50 | F13: 0.1351
A14: 3 | B14: 1 | C14: Sea bass fillet | D14: BCH011 | E14: 60 | F14: 1.95
A15: 3 | B15: 2 | C15: lime juice | D15: 106.FRVEG37 | E15: 30 | F15: 0.45
A16: 3 | B16: 3 | C16: Red Onion | D16: 106.FRVEG18 | E16: 75 | F16: 0.09375
A17: 3 | B17: 4 | C17: green chilli | D17: 106.FRVEG103 | E17: 10 | F17: 0.125
A18: 3 | B18: 5 | C18: coriander | D18: 106.FRVEG11 | E18: 50 | F18: 0.1
... A100: 25 | B100: 3 | C100: Rocket | D100: 106.FRVEG156 | E100: 40 | F100: 0.3
A101: 25 | B101: 4 | C101: Parmesan
A102: 29 | B102: 1 | C102: Gem lettuce | D102: 106.FRVEG36 | E102: 100 | F102: 0.42
A103: 29 | B103: 2 | C103: bacon | D103: 106.COCU13 | E103: 30 | F103: 0.2325
A104: 29 | B104: 3 | C104: croutons | D104: 107.BRE38 | E104: 20 | F104: 0
A105: 29 | B105: 4 | C105: chicken breast | D105: 101.CHI9 | E105: 100 | F105: 0.68
A106: 29 | B106: 5 | C106: Caesar Dressing Batch | D106: BCH001 | E106: 50 | F106: 0.31214
A107: 29 | B107: 6 | C107: Parmesan | D107: 106.CHE43 | E107: 5 | F107: 0.069
A108: 30 | B108: 1 | C108: Tomato | D108: 106.FRVEG13 | E108: 250 | F108: 0.65
A109: 30 | B109: 2 | C109: cucumber | D109: 106.FRVEG84 | E109: 50 | F109: 0.035
A110: 30 | B110: 3 | C110: green peppers | D110: 106.FRVEG61 | E110: 20 | F110: 0.046
A111: 30 | B111: 4 | C111: Red Onion | D111: 106.FRVEG18 | E111: 10 | F111: 0.0125
A112: 30 | B112: 5 | C112: feta | D112: 106.CHE14 | E112: 60 | F112: 0.6042
A113: 30 | B113: 6 | C113: olive oil | D113: 109.OIL1 | E113: 30 | F113: 0.18
... A165: 37 | B165: 3 | C165: Mozzarella | D165: 106.CHE39 | E165: 100 | F165: 2.535
A166: 37 | B166: 4 | C166: Salami | D166: ING048 | E166: 30
A167: 38 | B167: 1 | C167: frozen fries | D167: 103.VEG4 | E167: 200 | F167: 0.456
A168: 39 | B168: 1 | C168: Frozen fries | D168: 103.VEG4 | E168: 200 | F168: 0.456
A169: 39 | B169: 2 | C169: Parmesan | D169: 106.CHE43 | E169: 30 | F169: 0.414
A170: 40 | B170: 1 | C170: New Potatoes | D170: ING013 | E170: 200 | F170: 0
A171: 40 | B171: 2 | C171: Butter | D171: 106.BUT10 | E171: 10 | F171: 0.106
A172: 40 | B172: 3 | C172: Basil | D172: 106.FRVEG5 | E172: 2 | F172: 0.004
A173: 41 | B173: 1 | C173: Spinach | D173: 106.FRVEG1 | E173: 200 | F173: 0.54
A174: 41 | B174: 2 | C174: Horta | D174: 106.FRVEG20 | E174: 200 | F174: 0.42
A175: 42 | B175: 1 | C175: salad leaves | D175: 106.FRVEG151 | E175: 80 | F175: 0.88
A176: 42 | B176: 2 | C176: lemon dressing | D176: BCH012 | E176: 15 | F176: 0.068975
A177: 43 | B177: 1 | C177: Broccoli | D177: ING013 | E177: 150 | F177: 0.42
A178: 43 | B178: 2 | C178: Almonds | D178: 107.NUT34 | E178: 50 | F178: 0.648
A179: 43 | B179: 3 | C179: Evo
A180: 44 | B180: 1 | C180: Sourdough bread | D180: 107.BRE21 | E180: 80 | F180: 0.3432
A181: 44 | B181: 2 | C181: butter | D181: 106.BUT10 | E181: 10 | F181: 0.106
A182: 44 | B182: 3 | C182: Jam | D182: 107.JAM7 | E182: 10 | F182: 0.0263
A183: 45 | B183: 1 | C183: Watermelon | D183: 106.FRFRU18 | E183: 200 | F183: 0.13
A184: 46 | B184: 1 | C184: Granola batch | D184: BCH002 | E184: 130 | F184: 0
A185: 46 | B185: 2 | C185: Greek yoghurt | D185: 106.YOG6 | E185: 100 | F185: 0.299
A186: 46 | B186: 3 | C186: mixed berries | D186: 106.FRFRU48 | E186: 50 | F186: 0.31
A187: 46 | B187: 4 | C187: Honey | D187: 107.HON1 | E187: 10 | F187: 0.0621
A188: 47 | B188: 1 | C188: pineapple | D188: 106.FRFRU16 | E188: 50 | F188: 0.1225
A189: 47 | B189: 2 | C189: Strawberry | D189: 106.FRFRU35 | E189: 50 | F189: 0.75
A190: 47 | B190: 3 | C190: Watermelon | D190: 106.FRFRU18 | E190: 40 | F190: 0.026
A191: 47 | B191: 4 | C191: Plum | D191: 107.DRFO14 | E191: 30 | F191: 0
... A193: 48 | B193: 1 | C193: Greek yoghurt | D193: 106.YOG6 | E193: 100 | F193: 0.299
A194: 49 | B194: 1 | C194: Pancake Mix Batch | E194: 160 | F194: 0.14654429
A195: 50 | B195: 1 | C195: banana | D195: 106.FRFRU22 | E195: 50 | F195: 0.0925
A196: 50 | B196: 2 | C196: mixed berries | D196: 106.FRFRU48 | E196: 50 | F196: 0.31
A197: 50 | B197: 3 | C197: Pancake Mix Batch | D197: BCH029 | E197: 160 | F197: 0.14654429
A198: 51 | B198: 1 | C198: bacon | D198: 106.COCU13 | E198: 50 | F198: 0.3875
A199: 51 | B199: 2 | C199: maple syrup | D199: 108.VARPA13 | E199: 50 | F199: 0.8185
A200: 51 | B200: 3 | C200: Pancake Mix Batch | D200: BCH029 | E200: 160 | F200: 0.14654429
A201: 52 | B201: 1 | C201: Sourdough bread | D201: 107.BRE21 | E201: 80 | F201: 0.3432
A202: 52 | B202: 2 | C202: Avocado | D202: 106.FRVEG67 | E202: 70 | F202: 0.364
A203: 52 | B203: 3 | C203: Cherry Tomato | D203: 106.FRVEG64 | E203: 100 | F203: 0.45
A204: 52 | B204: 4 | C204: olive oil | D204: 109.OIL1 | E204: 5 | F204: 0.03
A205: 52 | B205: 5 | C205: eggs | D205: 106.EGG2 | E205: 130 | F205: 0.0273
A206: 52 | B206: 6 | C206: feta | D206: 106.CHE14 | E206: 20 | F206: 0.2014
... A305: 80 | B305: 1 | C305: haloumi | D305: 106.CHE11 | E305: 100 | F305: 1.275
A306: 80 | B306: 2 | E306: 50
A307: 81 | B307: 1 | C307: Falafel batch | D307: BCH045 | E307: 100 | F307: 0
A308: 82 | B308: 1 | C308: Chicken breast | D308: 101.CHI9 | E308: 100 | F308: 0.68
A309: 84 | B309: 1 | C309: Chicken breast | D309: 101.CHI9 | E309: 200 | F309: 1.36
A310: 84 | B310: 2 | C310: Olive oil | D310: 109.OIL1 | E310: 5 | F310: 0.03
A311: 85 | B311: 1 | C311: Boneless Lamb leg | D311: 101.LAM2 | E311: 250 | F311: 3.95
A312: 85 | B312: 2 | C312: Olive oil | D312: 109.OIL1 | E312: 5 | F312: 0.03
A313: 85 | B313: 3 | C313: garlic | D313: 106.FRVEG10 | E313: 5 | F313: 0.037
A314: 85 | B314: 4 | C314: oregano dried | D314: 106.FRVEG26 | E314: 2 | F314: 0.0072
A315: 86 | B315: 1 | C315: Sea bass | D315: 102.SEA12 | E315: 450 | F315: 5.85
A316: 86 | B316: 2 | C316: Olive oil | D316: 109.OIL1 | E316: 5 | F316: 0.03
A317: 86 | B317: 3 | C317: lemons | D317: 106.FRFRU34 | E317: 15 | F317: 0.0405
A318: 87 | B318: 1 | C318: Tuna Loin | D318: 102.FIFI1 | E318: 200 | F318: 4.4
... A365: 106 | B365: 9 | C365: Basil | D365: 106.FRVEG5 | E365: 3 | F365: 0.006
A366: 106 | B366: 10 | C366: pepper | D366: 107.SPIC4 | F366: 0
A367: 107 | B367: 1 | C367: PIzza Dough batch | D367: BCH042 | E367: 240 | F367: 0.14582304
A368: 107 | B368: 2 | C368: PIzza sauce tomato | D368: BCH043 | E368: 120 | F368: 0.35196915
A369: 107 | B369: 3 | C369: Mozzarella | D369: 106.CHE39 | E369: 100 | F369: 2.535
A370: 107 | B370: 4 | C370: Pepperoni | D370: 106.COCU11 | E370: 50 | F370: 0.654
A371: 107 | B371: 5 | C371: olive oil | D371: 109.OIL1 | E371: 5 | F371: 0.03
A372: 107 | B372: 6 | C372: chilli flakes | D372: 107.SPIC54 | E372: 1 | F372: 0
A373: 108 | B373: 1 | C373: PIzza Dough batch | D373: BCH042 | E373: 240 | F373: 0.14582304
A374: 108 | B374: 2 | C374: PIzza sauce tomato | D374: BCH043 | E374: 120 | F374: 0.35196915
A375: 108 | B375: 3 | C375: Mozzarella | D375: 106.CHE39 | E375: 100 | F375: 2.535
A376: 108 | B376: 4 | C376: Spicy Sausage Batch | D376: BCH068 | E376: 80 | F376: 0.073024
A377: 108 | B377: 5 | C377: Red onion | D377: 106.FRVEG18 | E377: 60 | F377: 0.075
...

Sheet Recipes
A1: recipe_id | B1: source_row | C1: restaurant | D1: name | E1: category | F1: selling_item_code | G1: current_sale_price | H1: roundup | I1: net_price_source | J1: gross_price_source | K1: source_cost | L1: calc_component_cost | M1: cost_delta_vs_source | N1: variance_calc | O1: gp_calc | P1: pos_ytd | Q1: recipe_complete | R1: pricing_complete | S1: source_variance_raw | T1: source_gp_raw
A2: 1 | B2: 1 | C2: Tasi | D2: Beef carpaccio | E2: TASTART | F2: TASTART01 | G2: 14 | H2: 14.3 | I2: 10.316667 | J2: 12.792667 | K2: 3.095 | L2: =SUMIF(Recipe_Components!$A$2:$A$515,A2,Recipe_Components!$F$2:$F$515) | M2: =IF(AND(K2<>"",L2<>""),L2-K2,"") | N2: =IF(AND(G2<>"",H2<>""),G2-H2,"") | O2: =IF(G2>0,1-L2/G2,"") | Q2: FALSE | R2: FALSE | S2: -0.3 | T2: 0.7258714286
A3: 2 | B3: 2 | C3: Tasi | D3: Courgette fritters | E3: TASTART | F3: TASTART02 | G3: 10 | H3: 3.3 | I3: 2.2744667 | J3: 2.8203387 | K3: 0.68234 | L3: =SUMIF(Recipe_Components!$A$2:$A$515,A3,Recipe_Components!$F$2:$F$515) | M3: =IF(AND(K3<>"",L3<>""),L3-K3,"") | N3: =IF(AND(G3<>"",H3<>""),G3-H3,"") | O3: =IF(G3>0,1-L3/G3,"") | Q3: FALSE | R3: FALSE | S3: 6.7 | T3: 0.91538984
A4: 3 | B4: 3 | C4: Tasi | D4: Seabass ceviche | E4: TASTART | F4: TASTART03 | G4: 14 | H4: 15.4 | I4: 10.814167 | J4: 13.409567 | K4: 3.24425 | L4: =SUMIF(Recipe_Components!$A$2:$A$515,A4,Recipe_Components!$F$2:$F$515) | M4: =IF(AND(K4<>"",L4<>""),L4-K4,"") | N4: =IF(AND(G4<>"",H4<>""),G4-H4,"") | O4: =IF(G4>0,1-L4/G4,"") | Q4: FALSE | R4: FALSE | S4: -1.4 | T4: 0.7126521429
A5: 4 | B5: 4 | C5: Tasi | D5: Gazpacho | E5: TASTART | F5: TASTART04 | G5: 10 | H5: 4.4 | I5: 2.7830769 | J5: 3.4510154 | K5: 0.83492308 | L5: =SUMIF(Recipe_Components!$A$2:$A$515,A5,Recipe_Components!$F$2:$F$515) | M5: =IF(AND(K5<>"",L5<>""),L5-K5,"") | N5: =IF(AND(G5<>"",H5<>""),G5-H5,"") | O5: =IF(G5>0,1-L5/G5,"") | Q5: FALSE | R5: FALSE | S5: 5.6 | T5: 0.8964695385
A6: 5 | B6: 5 | C6: Tasi | D6: Fritto misto | E6: TASTART | F6: TASTART05 | G6: 16 | H6: 17.6 | I6: 12.860648 | J6: 15.947204 | K6: 3.8581944 | L6: =SUMIF(Recipe_Components!$A$2:$A$515,A6,Recipe_Components!$F$2:$F$515) | M6: =IF(AND(K6<>"",L6<>""),L6-K6,"") | N6: =IF(AND(G6<>"",H6<>""),G6-H6,"") | O6: =IF(G6>0,1-L6/G6,"") | Q6: FALSE | R6: FALSE | S6: -1.6 | T6: 0.7009899306
A7: 6 | B7: 6 | C7: Tasi | D7: White bean dip and flatbread | E7: TASTART | F7: TASTART06 | G7: 10 | H7: 4.4 | I7: 2.6811696 | J7: 3.3246504 | K7: 0.80435089 | L7: =SUMIF(Recipe_Components!$A$2:$A$515,A7,Recipe_Components!$F$2:$F$515) | M7: =IF(AND(K7<>"",L7<>""),L7-K7,"") | N7: =IF(AND(G7<>"",H7<>""),G7-H7,"") | O7: =IF(G7>0,1-L7/G7,"") | Q7: FALSE | R7: FALSE | S7: 5.6 | T7: 0.9002604891
A8: 7 | B8: 8 | C8: Tasi | D8: Spinach and sea green linguine | E8: TAMAIN | F8: TAMAIN01 | G8: 16 | H8: 17.6 | I8: 12.161333 | J8: 15.080053 | K8: 3.6484 | L8: =SUMIF(Recipe_Components!$A$2:$A$515,A8,Recipe_Components!$F$2:$F$515) | M8: =IF(AND(K8<>"",L8<>""),L8-K8,"") | N8: =IF(AND(G8<>"",H8<>""),G8-H8,"") | O8: =IF(G8>0,1-L8/G8,"") | Q8: FALSE | R8: FALSE | S8: -1.6 | T8: 0.717249
A9: 8 | B9: 9 | C9: Tasi | D9: GF Spinach and sea green linguine | E9: TAMAIN | F9: TAMAIN02 | G9: 16 | H9: 17.6 | I9: 12.161333 | J9: 15.080053 | K9: 3.6484 | L9: =SUMIF(Recipe_Components!$A$2:$A$515,A9,Recipe_Components!$F$2:$F$515) | M9: =IF(AND(K9<>"",L9<>""),L9-K9,"") | N9: =IF(AND(G9<>"",H9<>""),G9-H9,"") | O9: =IF(G9>0,1-L9/G9,"") | Q9: FALSE | R9: FALSE | S9: -1.6 | T9: 0.717249
A10: 9 | B10: 10 | C10: Tasi | D10: Beef Ragu Orecchiette | E10: TAMAIN | F10: TAMAIN03 | G10: 18 | H10: 17.6 | I10: 12.274012 | J10: 15.219775 | K10: 3.6822037 | L10: =SUMIF(Recipe_Components!$A$2:$A$515,A10,Recipe_Components!$F$2:$F$515) | M10: =IF(AND(K10<>"",L10<>""),L10-K10,"") | N10: =IF(AND(G10<>"",H10<>""),G10-H10,"") | O10: =IF(G10>0,1-L10/G10,"") | Q10: FALSE | R10: FALSE | S10: 0.4 | T10: 0.7463370773
A11: 10 | B11: 11 | C11: Tasi | D11: GF Beef Rugu Orecchiette | E11: TAMAIN | F11: TAMAIN04 | G11: 18 | H11: 18.7 | I11: 13.055346 | J11: 16.188629 | K11: 3.9166037 | L11: =SUMIF(Recipe_Components!$A$2:$A$515,A11,Recipe_Components!$F$2:$F$515) | M11: =IF(AND(K11<>"",L11<>""),L11-K11,"") | N11: =IF(AND(G11<>"",H11<>""),G11-H11,"") | O11: =IF(G11>0,1-L11/G11,"") | Q11: FALSE | R11: FALSE | S11: -0.7 | T11: 0.7301895217
A12: 11 | B12: 12 | C12: Tasi | D12: Seafood linguine | E12: TAMAIN | F12: TAMAIN05 | G12: 28 | H12: 11 | I12: 8.0165333 | J12: 9.9405013 | K12: 2.40496 | L12: =SUMIF(Recipe_Components!$A$2:$A$515,A12,Recipe_Components!$F$2:$F$515) | M12: =IF(AND(K12<>"",L12<>""),L12-K12,"") | N12: =IF(AND(G12<>"",H12<>""),G12-H12,"") | O12: =IF(G12>0,1-L12/G12,"") | Q12: FALSE | R12: FALSE | S12: 17 | T12: 0.8934946286
A13: 12 | B13: 13 | C13: Tasi | D13: GF seafood linguine | E13: TAMAIN | F13: TAMAIN06 | G13: 28 | H13: 11 | I13: 8.0165333 | J13: 9.9405013 | K13: 2.40496 | L13: =SUMIF(Recipe_Components!$A$2:$A$515,A13,Recipe_Components!$F$2:$F$515) | M13: =IF(AND(K13<>"",L13<>""),L13-K13,"") | N13: =IF(AND(G13<>"",H13<>""),G13-H13,"") | O13: =IF(G13>0,1-L13/G13,"") | Q13: FALSE | R13: FALSE | S13: 17 | T13: 0.8934946286
... A17: 16 | B17: 17 | C17: Tasi | D17: Pomodoro Lingiuini | E17: TAMAIN | F17: TAMAIN10 | G17: 16 | H17: 6.6 | I17: 4.1793588 | J17: 5.1824049 | K17: 1.2538076 | L17: =SUMIF(Recipe_Components!$A$2:$A$515,A17,Recipe_Components!$F$2:$F$515) | M17: =IF(AND(K17<>"",L17<>""),L17-K17,"") | N17: =IF(AND(G17<>"",H17<>""),G17-H17,"") | O17: =IF(G17>0,1-L17/G17,"") | Q17: TRUE | R17: FALSE | S17: 9.4 | T17: 0.902829909
A18: 17 | B18: 18 | C18: Tasi | D18: Marinated Grilled Aubergine | E18: TAMAIN | F18: TAMAIN11 | G18: 19 | H18: 5.5 | I18: 3.8373333 | J18: 4.7582933 | K18: 1.1512 | L18: =SUMIF(Recipe_Components!$A$2:$A$515,A18,Recipe_Components!$F$2:$F$515) | M18: =IF(AND(K18<>"",L18<>""),L18-K18,"") | N18: =IF(AND(G18<>"",H18<>""),G18-H18,"") | O18: =IF(G18>0,1-L18/G18,"") | Q18: FALSE | R18: FALSE | T18: 0.9248690526
A19: 18 | B19: 20 | C19: Tasi | D19: Grilled Leg Lamb (special Sept) | E19: TASPEC | F19: TASPEC01 | G19: 26 | H19: 24.2 | I19: 17.115667 | J19: 21.223427 | K19: 5.1347 | L19: =SUMIF(Recipe_Components!$A$2:$A$515,A19,Recipe_Components!$F$2:$F$515) | M19: =IF(AND(K19<>"",L19<>""),L19-K19,"") | N19: =IF(AND(G19<>"",H19<>""),G19-H19,"") | O19: =IF(G19>0,1-L19/G19,"") | Q19: FALSE | R19: FALSE | T19: 0.7551143077
A20: 19 | B20: 21 | C20: Tasi | D20: Fregola sarda con le cozze | E20: TASPEC | F20: TASPEC02 | G20: 0 | L20: =SUMIF(Recipe_Components!$A$2:$A$515,A20,Recipe_Components!$F$2:$F$515) | M20: =IF(AND(K20<>"",L20<>""),L20-K20,"") | N20: =IF(AND(G20<>"",H20<>""),G20-H20,"") | O20: =IF(G20>0,1-L20/G20,"") | Q20: FALSE | R20: FALSE
A21: 20 | B21: 22 | C21: Tasi | D21: Fried Halloumi with Warmed Honey & Thyme | E21: TASPEC | F21: TASPEC03 | G21: 0 | L21: =SUMIF(Recipe_Components!$A$2:$A$515,A21,Recipe_Components!$F$2:$F$515) | M21: =IF(AND(K21<>"",L21<>""),L21-K21,"") | N21: =IF(AND(G21<>"",H21<>""),G21-H21,"") | O21: =IF(G21>0,1-L21/G21,"") | Q21: FALSE | R21: FALSE
A22: 21 | B22: 23 | C22: Tasi | D22: Prawn, Clam & Squid Linguini | E22: TASPEC | F22: TASPEC04 | G22: 0 | L22: =SUMIF(Recipe_Components!$A$2:$A$515,A22,Recipe_Components!$F$2:$F$515) | M22: =IF(AND(K22<>"",L22<>""),L22-K22,"") | N22: =IF(AND(G22<>"",H22<>""),G22-H22,"") | O22: =IF(G22>0,1-L22/G22,"") | Q22: FALSE | R22: FALSE
A23: 22 | B23: 24 | C23: Tasi | D23: Cozze alla Marinara | E23: TASPEC | F23: TASPEC05 | G23: 0 | L23: =SUMIF(Recipe_Components!$A$2:$A$515,A23,Recipe_Components!$F$2:$F$515) | M23: =IF(AND(K23<>"",L23<>""),L23-K23,"") | N23: =IF(AND(G23<>"",H23<>""),G23-H23,"") | O23: =IF(G23>0,1-L23/G23,"") | Q23: FALSE | R23: FALSE
A24: 23 | B24: 25 | C24: Tasi | D24: Rigatoni alla Arrabbiata | E24: TASPEC | F24: TASPEC06 | G24: 0 | L24: =SUMIF(Recipe_Components!$A$2:$A$515,A24,Recipe_Components!$F$2:$F$515) | M24: =IF(AND(K24<>"",L24<>""),L24-K24,"") | N24: =IF(AND(G24<>"",H24<>""),G24-H24,"") | O24: =IF(G24>0,1-L24/G24,"") | Q24: FALSE | R24: FALSE
A25: 24 | B25: 26 | C25: Tasi | D25: Chorizo Pizza | E25: TASPEC | F25: TASPEC07 | G25: 0 | L25: =SUMIF(Recipe_Components!$A$2:$A$515,A25,Recipe_Components!$F$2:$F$515) | M25: =IF(AND(K25<>"",L25<>""),L25-K25,"") | N25: =IF(AND(G25<>"",H25<>""),G25-H25,"") | O25: =IF(G25>0,1-L25/G25,"") | Q25: FALSE | R25: FALSE
A26: 25 | B26: 27 | C26: Tasi | D26: Nduja, Rocket & Parmesan Pizza | E26: TASPEC | F26: TASPEC08 | G26: 0 | H26: 2.2 | I26: 1.4860768 | J26: 1.8427352 | K26: 0.44582304 | L26: =SUMIF(Recipe_Components!$A$2:$A$515,A26,Recipe_Components!$F$2:$F$515) | M26: =IF(AND(K26<>"",L26<>""),L26-K26,"") | N26: =IF(AND(G26<>"",H26<>""),G26-H26,"") | O26: =IF(G26>0,1-L26/G26,"") | Q26: FALSE | R26: FALSE
A27: 26 | B27: 28 | C27: Tasi | D27: Carpicciosa Pizza | E27: TASPEC | F27: TASPEC09 | G27: 0 | L27: =SUMIF(Recipe_Components!$A$2:$A$515,A27,Recipe_Components!$F$2:$F$515) | M27: =IF(AND(K27<>"",L27<>""),L27-K27,"") | N27: =IF(AND(G27<>"",H27<>""),G27-H27,"") | O27: =IF(G27>0,1-L27/G27,"") | Q27: FALSE | R27: FALSE
A28: 27 | B28: 29 | C28: Tasi | D28: Anchovie & Salsa Verde Pizza | E28: TASPEC | F28: TASPEC10 | G28: 0 | L28: =SUMIF(Recipe_Components!$A$2:$A$515,A28,Recipe_Components!$F$2:$F$515) | M28: =IF(AND(K28<>"",L28<>""),L28-K28,"") | N28: =IF(AND(G28<>"",H28<>""),G28-H28,"") | O28: =IF(G28>0,1-L28/G28,"") | Q28: FALSE | R28: FALSE
A29: 28 | B29: 30 | C29: Tasi | D29: Mediteranian Veg Pizza | E29: TASPEC | F29: TASPEC11 | G29: 0 | L29: =SUMIF(Recipe_Components!$A$2:$A$515,A29,Recipe_Components!$F$2:$F$515) | M29: =IF(AND(K29<>"",L29<>""),L29-K29,"") | N29: =IF(AND(G29<>"",H29<>""),G29-H29,"") | O29: =IF(G29>0,1-L29/G29,"") | Q29: FALSE | R29: FALSE
A30: 29 | B30: 34 | C30: Tasi | D30: Caesar salad | E30: TASALAD | F30: TASALAD01 | G30: 20 | H30: 8.8 | I30: 5.7121333 | J30: 7.0830453 | K30: 1.71364 | L30: =SUMIF(Recipe_Components!$A$2:$A$515,A30,Recipe_Components!$F$2:$F$515) | M30: =IF(AND(K30<>"",L30<>""),L30-K30,"") | N30: =IF(AND(G30<>"",H30<>""),G30-H30,"") | O30: =IF(G30>0,1-L30/G30,"") | Q30: FALSE | R30: FALSE | S30: 11.2 | T30: 0.89375432
A31: 30 | B31: 35 | C31: Tasi | D31: Greek Salad | E31: TASALAD | F31: TASALAD02 | G31: 14 | H31: 7.7 | I31: 5.149 | J31: 6.38476 | K31: 1.5447 | L31: =SUMIF(Recipe_Components!$A$2:$A$515,A31,Recipe_Components!$F$2:$F$515) | M31: =IF(AND(K31<>"",L31<>""),L31-K31,"") | N31: =IF(AND(G31<>"",H31<>""),G31-H31,"") | O31: =IF(G31>0,1-L31/G31,"") | Q31: FALSE | R31: FALSE | S31: 6.3 | T31: 0.8631837143
A32: 31 | B32: 36 | C32: Tasi | D32: Watermelon & Feta salad | E32: TASALAD | F32: TASALAD03 | H32: 6.6 | I32: 4.3721667 | J32: 5.4214867 | K32: 1.31165 | L32: =SUMIF(Recipe_Components!$A$2:$A$515,A32,Recipe_Components!$F$2:$F$515) | M32: =IF(AND(K32<>"",L32<>""),L32-K32,"") | N32: =IF(AND(G32<>"",H32<>""),G32-H32,"") | O32: =IF(G32>0,1-L32/G32,"") | Q32: FALSE | R32: FALSE | S32: -6.6
A33: 32 | B33: 37 | C33: Tasi | D33: Pulled lamb salad | E33: TASALAD | F33: TASALAD04 | G33: 18 | H33: 14.3 | I33: 10.079154 | J33: 12.498151 | K33: 3.0237463 | L33: =SUMIF(Recipe_Components!$A$2:$A$515,A33,Recipe_Components!$F$2:$F$515) | M33: =IF(AND(K33<>"",L33<>""),L33-K33,"") | N33: =IF(AND(G33<>"",H33<>""),G33-H33,"") | O33: =IF(G33>0,1-L33/G33,"") | Q33: FALSE | R33: FALSE | S33: 3.7 | T33: 0.7916974775
A34: 33 | B34: 39 | C34: Tasi | D34: Margherita pizza | E34: TAPIZZA | F34: TAPIZZA01 | G34: 15 | H34: 18.7 | I34: 13.031807 | J34: 16.159441 | K34: 3.9095422 | L34: =SUMIF(Recipe_Components!$A$2:$A$515,A34,Recipe_Components!$F$2:$F$515) | M34: =IF(AND(K34<>"",L34<>""),L34-K34,"") | N34: =IF(AND(G34<>"",H34<>""),G34-H34,"") | O34: =IF(G34>0,1-L34/G34,"") | Q34: FALSE | R34: FALSE | S34: -3.7 | T34: 0.6768111789
A35: 34 | B35: 40 | C35: Tasi | D35: Mushroom and truffle pizza | E35: TAPIZZA | F35: TAPIZZA02 | G35: 18 | H35: 15.4 | I35: 11.27321 | J35: 13.978781 | K35: 3.381963 | L35: =SUMIF(Recipe_Components!$A$2:$A$515,A35,Recipe_Components!$F$2:$F$515) | M35: =IF(AND(K35<>"",L35<>""),L35-K35,"") | N35: =IF(AND(G35<>"",H35<>""),G35-H35,"") | O35: =IF(G35>0,1-L35/G35,"") | Q35: FALSE | R35: FALSE | S35: 2.6 | T35: 0.7670203239
A36: 35 | B36: 41 | C36: Tasi | D36: Parma ham pizza | E36: TAPIZZA | F36: TAPIZZA03 | G36: 19 | H36: 18.7 | I36: 13.374574 | J36: 16.584472 | K36: 4.0123722 | L36: =SUMIF(Recipe_Components!$A$2:$A$515,A36,Recipe_Components!$F$2:$F$515) | M36: =IF(AND(K36<>"",L36<>""),L36-K36,"") | N36: =IF(AND(G36<>"",H36<>""),G36-H36,"") | O36: =IF(G36>0,1-L36/G36,"") | Q36: FALSE | R36: FALSE | S36: 0.3 | T36: 0.7381399202
A37: 36 | B37: 42 | C37: Tasi | D37: Courgette, ricotta pizza | E37: TAPIZZA | F37: TAPIZZA04 | G37: 15 | H37: 18.7 | I37: 13.66101 | J37: 16.939653 | K37: 4.098303 | L37: =SUMIF(Recipe_Components!$A$2:$A$515,A37,Recipe_Components!$F$2:$F$515) | M37: =IF(AND(K37<>"",L37<>""),L37-K37,"") | N37: =IF(AND(G37<>"",H37<>""),G37-H37,"") | O37: =IF(G37>0,1-L37/G37,"") | Q37: FALSE | R37: FALSE | S37: -3.7 | T37: 0.6612069487
A38: 37 | B38: 43 | C38: Tasi | D38: Salami pizza | E38: TAPIZZA | F38: TAPIZZA05 | G38: 18 | H38: 14.3 | I38: 10.109307 | J38: 12.535541 | K38: 3.0327922 | L38: =SUMIF(Recipe_Components!$A$2:$A$515,A38,Recipe_Components!$F$2:$F$515) | M38: =IF(AND(K38<>"",L38<>""),L38-K38,"") | N38: =IF(AND(G38<>"",H38<>""),G38-H38,"") | O38: =IF(G38>0,1-L38/G38,"") | Q38: FALSE | R38: FALSE | S38: 3.7 | T38: 0.7910743157
A39: 38 | B39: 45 | C39: Tasi | D39: Regular fries | E39: TASIDES | F39: TASIDES01 | G39: 5 | H39: 2.2 | I39: 1.52 | J39: 1.8848 | K39: 0.456 | L39: =SUMIF(Recipe_Components!$A$2:$A$515,A39,Recipe_Components!$F$2:$F$515) | M39: =IF(AND(K39<>"",L39<>""),L39-K39,"") | N39: =IF(AND(G39<>"",H39<>""),G39-H39,"") | O39: =IF(G39>0,1-L39/G39,"") | Q39: FALSE | R39: FALSE | S39: 2.8 | T39: 0.886912
A40: 39 | B40: 46 | C40: Tasi | D40: Parmesan fries | E40: TASIDES | F40: TASIDES02 | H40: 4.4 | I40: 2.9 | J40: 3.596 | K40: 0.87 | L40: =SUMIF(Recipe_Components!$A$2:$A$515,A40,Recipe_Components!$F$2:$F$515) | M40: =IF(AND(K40<>"",L40<>""),L40-K40,"") | N40: =IF(AND(G40<>"",H40<>""),G40-H40,"") | O40: =IF(G40>0,1-L40/G40,"") | Q40: FALSE | R40: FALSE | S40: -4.4
A41: 40 | B41: 47 | C41: Tasi | D41: Basil butter baby potatoes | E41: TASIDES | F41: TASIDES03 | G41: 5 | H41: 1.1 | I41: 0.36666667 | J41: 0.45466667 | K41: 0.11 | L41: =SUMIF(Recipe_Components!$A$2:$A$515,A41,Recipe_Components!$F$2:$F$515) | M41: =IF(AND(K41<>"",L41<>""),L41-K41,"") | N41: =IF(AND(G41<>"",H41<>""),G41-H41,"") | O41: =IF(G41>0,1-L41/G41,"") | Q41: FALSE | R41: FALSE | S41: 3.9 | T41: 0.97272
A42: 41 | B42: 48 | C42: Tasi | D42: Local wilted greens | E42: TASIDES | F42: TASIDES04 | G42: 4 | H42: 4.4 | I42: 3.2 | J42: 3.968 | K42: 0.96 | L42: =SUMIF(Recipe_Components!$A$2:$A$515,A42,Recipe_Components!$F$2:$F$515) | M42: =IF(AND(K42<>"",L42<>""),L42-K42,"") | N42: =IF(AND(G42<>"",H42<>""),G42-H42,"") | O42: =IF(G42>0,1-L42/G42,"") | Q42: FALSE | R42: FALSE | S42: -0.4 | T42: 0.7024
A43: 42 | B43: 49 | C43: Tasi | D43: Leaf salad | E43: TASIDES | F43: TASIDES05 | G43: 4 | H43: 4.4 | I43: 3.16325 | J43: 3.92243 | K43: 0.948975 | L43: =SUMIF(Recipe_Components!$A$2:$A$515,A43,Recipe_Components!$F$2:$F$515) | M43: =IF(AND(K43<>"",L43<>""),L43-K43,"") | N43: =IF(AND(G43<>"",H43<>""),G43-H43,"") | O43: =IF(G43>0,1-L43/G43,"") | Q43: FALSE | R43: FALSE | S43: -0.4 | T43: 0.70581775
A44: 43 | B44: 50 | C44: Tasi | D44: Broccoli | E44: TASIDES | F44: TASIDES06 | G44: 6 | L44: =SUMIF(Recipe_Components!$A$2:$A$515,A44,Recipe_Components!$F$2:$F$515) | M44: =IF(AND(K44<>"",L44<>""),L44-K44,"") | N44: =IF(AND(G44<>"",H44<>""),G44-H44,"") | O44: =IF(G44>0,1-L44/G44,"") | Q44: FALSE | R44: FALSE | S44: 6 | T44: 1
A45: 44 | B45: 52 | C45: Tasi | D45: Toasted sourdough w butter and jam | E45: TABREAK | F45: TABREAK01 | G45: 5 | H45: 2.2 | I45: 1.585 | J45: 1.9654 | K45: 0.4755 | L45: =SUMIF(Recipe_Components!$A$2:$A$515,A45,Recipe_Components!$F$2:$F$515) | M45: =IF(AND(K45<>"",L45<>""),L45-K45,"") | N45: =IF(AND(G45<>"",H45<>""),G45-H45,"") | O45: =IF(G45>0,1-L45/G45,"") | Q45: FALSE | R45: FALSE | S45: 2.8 | T45: 0.882076
A46: 45 | B46: 53 | C46: Tasi | D46: Fresh watermelon slices | E46: TABREAK | F46: TABREAK02 | H46: 1.1 | I46: 0.43333333 | J46: 0.53733333 | K46: 0.13 | L46: =SUMIF(Recipe_Components!$A$2:$A$515,A46,Recipe_Components!$F$2:$F$515) | M46: =IF(AND(K46<>"",L46<>""),L46-K46,"") | N46: =IF(AND(G46<>"",H46<>""),G46-H46,"") | O46: =IF(G46>0,1-L46/G46,"") | Q46: TRUE | R46: FALSE | S46: -1.1
A47: 46 | B47: 54 | C47: Tasi | D47: Homemade granola w berries and yoghurt | E47: TABREAK | F47: TABREAK03 | G47: 9 | H47: 3.3 | I47: 2.237 | J47: 2.77388 | K47: 0.6711 | L47: =SUMIF(Recipe_Components!$A$2:$A$515,A47,Recipe_Components!$F$2:$F$515) | M47: =IF(AND(K47<>"",L47<>""),L47-K47,"") | N47: =IF(AND(G47<>"",H47<>""),G47-H47,"") | O47: =IF(G47>0,1-L47/G47,"") | Q47: FALSE | R47: FALSE | S47: 5.7 | T47: 0.9075373333
A48: 47 | B48: 55 | C48: Tasi | D48: seasonal fruit bowl | E48: TABREAK | F48: TABREAK04 | G48: 6 | H48: 5.5 | I48: 3.445 | J48: 4.2718 | K48: 1.0335 | L48: =SUMIF(Recipe_Components!$A$2:$A$515,A48,Recipe_Components!$F$2:$F$515) | M48: =IF(AND(K48<>"",L48<>""),L48-K48,"") | N48: =IF(AND(G48<>"",H48<>""),G48-H48,"") | O48: =IF(G48>0,1-L48/G48,"") | Q48: FALSE | R48: FALSE | S48: 0.5 | T48: 0.78641
A49: 48 | B49: 56 | C49: Tasi | D49: - add yoghurt | E49: TABREAK | F49: TABREAK05 | H49: 2.2 | I49: 0.99666667 | J49: 1.2358667 | K49: 0.299 | L49: =SUMIF(Recipe_Components!$A$2:$A$515,A49,Recipe_Components!$F$2:$F$515) | M49: =IF(AND(K49<>"",L49<>""),L49-K49,"") | N49: =IF(AND(G49<>"",H49<>""),G49-H49,"") | O49: =IF(G49>0,1-L49/G49,"") | Q49: FALSE | R49: FALSE | S49: -2.2
A50: 49 | B50: 57 | C50: Tasi | D50: Amercan style pancakes | E50: TABREAK | F50: TABREAK06 | H50: 1.1 | I50: 0.48848097 | J50: 0.6057164 | K50: 0.14654429 | L50: =SUMIF(Recipe_Components!$A$2:$A$515,A50,Recipe_Components!$F$2:$F$515) | M50: =IF(AND(K50<>"",L50<>""),L50-K50,"") | N50: =IF(AND(G50<>"",H50<>""),G50-H50,"") | O50: =IF(G50>0,1-L50/G50,"") | Q50: FALSE | R50: FALSE | S50: -1.1
A51: 50 | B51: 58 | C51: Tasi | D51: - with banana and berries | E51: TABREAK | F51: TABREAK07 | G51: 14 | H51: 3.3 | I51: 1.8301476 | J51: 2.2693831 | K51: 0.54904429 | L51: =SUMIF(Recipe_Components!$A$2:$A$515,A51,Recipe_Components!$F$2:$F$515) | M51: =IF(AND(K51<>"",L51<>""),L51-K51,"") | N51: =IF(AND(G51<>"",H51<>""),G51-H51,"") | O51: =IF(G51>0,1-L51/G51,"") | Q51: FALSE | R51: FALSE | S51: 10.7 | T51: 0.9513703628
A52: 51 | B52: 59 | C52: Tasi | D52: - with Bacon and maple syrup | E52: TABREAK | F52: TABREAK08 | G52: 14 | H52: 6.6 | I52: 4.508481 | J52: 5.5905164 | K52: 1.3525443 | L52: =SUMIF(Recipe_Components!$A$2:$A$515,A52,Recipe_Components!$F$2:$F$515) | M52: =IF(AND(K52<>"",L52<>""),L52-K52,"") | N52: =IF(AND(G52<>"",H52<>""),G52-H52,"") | O52: =IF(G52>0,1-L52/G52,"") | Q52: FALSE | R52: FALSE | S52: 7.4 | T52: 0.8802032199
A53: 52 | B53: 60 | C53: Tasi | D53: Avocado on toast with poached eggs, feta and olive oil | E53: TABREAK | F53: TABREAK09 | G53: 14 | H53: 6.6 | I53: 4.7346667 | J53: 5.8709867 | K53: 1.4204 | L53: =SUMIF(Recipe_Components!$A$2:$A$515,A53,Recipe_Components!$F$2:$F$515) | M53: =IF(AND(K53<>"",L53<>""),L53-K53,"") | N53: =IF(AND(G53<>"",H53<>""),G53-H53,"") | O53: =IF(G53>0,1-L53/G53,"") | Q53: FALSE | R53: FALSE | S53: 7.4 | T53: 0.8741931429
A54: 53 | B54: 61 | C54: Tasi | D54: Eggs benedict | E54: TABREAK | F54: TABREAK10 | G54: 15 | H54: 4.4 | I54: 2.6727833 | J54: 3.3142513 | K54: 0.801835 | L54: =SUMIF(Recipe_Components!$A$2:$A$515,A54,Recipe_Components!$F$2:$F$515) | M54: =IF(AND(K54<>"",L54<>""),L54-K54,"") | N54: =IF(AND(G54<>"",H54<>""),G54-H54,"") | O54: =IF(G54>0,1-L54/G54,"") | Q54: FALSE | R54: FALSE | S54: 10.6 | T54: 0.9337149733
A55: 54 | B55: 62 | C55: Tasi | D55: Eggs royal w salmon | E55: TABREAK | G55: 16 | H55: 11 | I55: 7.3361167 | J55: 9.0967847 | K55: 2.200835 | L55: =SUMIF(Recipe_Components!$A$2:$A$515,A55,Recipe_Components!$F$2:$F$515) | M55: =IF(AND(K55<>"",L55<>""),L55-K55,"") | N55: =IF(AND(G55<>"",H55<>""),G55-H55,"") | O55: =IF(G55>0,1-L55/G55,"") | Q55: FALSE | R55: FALSE | S55: 5 | T55: 0.8294352875
A56: 55 | B56: 63 | C56: Tasi | D56: Eggs florentine w spinach | E56: TABREAK | F56: TABREAK12 | G56: 14 | H56: 4.4 | I56: 2.5257833 | J56: 3.1319713 | K56: 0.757735 | L56: =SUMIF(Recipe_Components!$A$2:$A$515,A56,Recipe_Components!$F$2:$F$515) | M56: =IF(AND(K56<>"",L56<>""),L56-K56,"") | N56: =IF(AND(G56<>"",H56<>""),G56-H56,"") | O56: =IF(G56>0,1-L56/G56,"") | Q56: FALSE | R56: FALSE | S56: 9.6 | T56: 0.9328863286
A57: 56 | B57: 64 | C57: Tasi | D57: Mushrooms on toast, with fried eggs | E57: TABREAK | F57: TABREAK13 | G57: 14 | H57: 6.6 | I57: 4.6318333 | J57: 5.7434733 | K57: 1.38955 | L57: =SUMIF(Recipe_Components!$A$2:$A$515,A57,Recipe_Components!$F$2:$F$515) | M57: =IF(AND(K57<>"",L57<>""),L57-K57,"") | N57: =IF(AND(G57<>"",H57<>""),G57-H57,"") | O57: =IF(G57>0,1-L57/G57,"") | Q57: FALSE | R57: FALSE | S57: 7.4 | T57: 0.8769255714
A58: 57 | B58: 65 | C58: Tasi | D58: One pan veggie breakfast | E58: TABREAK | F58: TABREAK14 | G58: 17 | H58: 7.7 | I58: 5.099318 | J58: 6.3231543 | K58: 1.5297954 | L58: =SUMIF(Recipe_Components!$A$2:$A$515,A58,Recipe_Components!$F$2:$F$515) | M58: =IF(AND(K58<>"",L58<>""),L58-K58,"") | N58: =IF(AND(G58<>"",H58<>""),G58-H58,"") | O58: =IF(G58>0,1-L58/G58,"") | Q58: FALSE | R58: FALSE | S58: 9.3 | T58: 0.8884149238
A59: 58 | B59: 66 | C59: Tasi | D59: Eggs on toast | E59: TABREAK | F59: TABREAK15 | G59: 12 | H59: 2.2 | I59: 1.235 | J59: 1.5314 | K59: 0.3705 | L59: =SUMIF(Recipe_Components!$A$2:$A$515,A59,Recipe_Components!$F$2:$F$515) | M59: =IF(AND(K59<>"",L59<>""),L59-K59,"") | N59: =IF(AND(G59<>"",H59<>""),G59-H59,"") | O59: =IF(G59>0,1-L59/G59,"") | Q59: FALSE | R59: FALSE | S59: 9.8 | T59: 0.961715
A60: 59 | B60: 67 | C60: Tasi | D60: Breakfast bap | E60: TABREAK | F60: TABREAK16 | G60: 15 | H60: 4.4 | I60: 2.9495473 | J60: 3.6574387 | K60: 0.8848642 | L60: =SUMIF(Recipe_Components!$A$2:$A$515,A60,Recipe_Components!$F$2:$F$515) | M60: =IF(AND(K60<>"",L60<>""),L60-K60,"") | N60: =IF(AND(G60<>"",H60<>""),G60-H60,"") | O60: =IF(G60>0,1-L60/G60,"") | Q60: FALSE | R60: FALSE | S60: 10.6 | T60: 0.9268512261
A61: 60 | B61: 68 | C61: Tasi | D61: French omelete | E61: TABREAK | F61: TABREAK17 | G61: 16 | H61: 3.3 | I61: 2.1546333 | J61: 2.6717453 | K61: 0.64639 | L61: =SUMIF(Recipe_Components!$A$2:$A$515,A61,Recipe_Components!$F$2:$F$515) | M61: =IF(AND(K61<>"",L61<>""),L61-K61,"") | N61: =IF(AND(G61<>"",H61<>""),G61-H61,"") | O61: =IF(G61>0,1-L61/G61,"") | Q61: FALSE | R61: FALSE | S61: 12.7 | T61: 0.949904775
A62: 61 | B62: 70 | C62: Tasi | D62: Greek yohurt and honey | E62: TADESSERT | F62: TADESSERT01 | G62: 6 | H62: 4.4 | I62: 2.53 | J62: 3.1372 | K62: 0.759 | L62: =SUMIF(Recipe_Components!$A$2:$A$515,A62,Recipe_Components!$F$2:$F$515) | M62: =IF(AND(K62<>"",L62<>""),L62-K62,"") | N62: =IF(AND(G62<>"",H62<>""),G62-H62,"") | O62: =IF(G62>0,1-L62/G62,"") | Q62: FALSE | R62: FALSE | S62: 1.6 | T62: 0.84314
A63: 62 | B63: 71 | C63: Tasi | D63: Lemon Posset | E63: TADESSERT | F63: TADESSERT02 | G63: 7 | H63: 3.3 | I63: 2.4014583 | J63: 2.9778083 | K63: 0.7204375 | L63: =SUMIF(Recipe_Components!$A$2:$A$515,A63,Recipe_Components!$F$2:$F$515) | M63: =IF(AND(K63<>"",L63<>""),L63-K63,"") | N63: =IF(AND(G63<>"",H63<>""),G63-H63,"") | O63: =IF(G63>0,1-L63/G63,"") | Q63: FALSE | R63: FALSE | S63: 3.7 | T63: 0.8723796429
A64: 63 | B64: 72 | C64: Tasi | D64: Tiramasu | E64: TADESSERT | F64: TADESSERT03 | G64: 8.5 | H64: 7.7 | I64: 5.0505044 | J64: 6.2626255 | K64: 1.5151513 | L64: =SUMIF(Recipe_Components!$A$2:$A$515,A64,Recipe_Components!$F$2:$F$515) | M64: =IF(AND(K64<>"",L64<>""),L64-K64,"") | N64: =IF(AND(G64<>"",H64<>""),G64-H64,"") | O64: =IF(G64>0,1-L64/G64,"") | Q64: FALSE | R64: FALSE | S64: 0.8 | T64: 0.7789661588
A65: 64 | B65: 73 | C65: Tasi | D65: Chocolate brownie | E65: TADESSERT | F65: TADESSERT04 | G65: 8 | H65: 5.5 | I65: 3.9001389 | J65: 4.8361722 | K65: 1.1700417 | L65: =SUMIF(Recipe_Components!$A$2:$A$515,A65,Recipe_Components!$F$2:$F$515) | M65: =IF(AND(K65<>"",L65<>""),L65-K65,"") | N65: =IF(AND(G65<>"",H65<>""),G65-H65,"") | O65: =IF(G65>0,1-L65/G65,"") | Q65: FALSE | R65: FALSE | S65: 2.5 | T65: 0.8186435417
A66: 65 | B66: 74 | C66: Tasi | D66: Afogato | E66: TADESSERT | F66: TADESSERT05 | H66: 0 | I66: 0 | J66: 0 | K66: 0 | L66: =SUMIF(Recipe_Components!$A$2:$A$515,A66,Recipe_Components!$F$2:$F$515) | M66: =IF(AND(K66<>"",L66<>""),L66-K66,"") | N66: =IF(AND(G66<>"",H66<>""),G66-H66,"") | O66: =IF(G66>0,1-L66/G66,"") | Q66: FALSE | R66: FALSE
A67: 66 | B67: 75 | C67: Tasi | D67: Ice cream scoop | H67: 0 | I67: 0 | J67: 0 | K67: 0 | L67: =SUMIF(Recipe_Components!$A$2:$A$515,A67,Recipe_Components!$F$2:$F$515) | M67: =IF(AND(K67<>"",L67<>""),L67-K67,"") | N67: =IF(AND(G67<>"",H67<>""),G67-H67,"") | O67: =IF(G67>0,1-L67/G67,"") | Q67: FALSE | R67: FALSE
A68: 67 | B68: 77 | C68: Terraces | D68: Grilled Pita | G68: 4 | H68: 1.1 | I68: 0.202532 | J68: 0.25113968 | K68: 0.0607596 | L68: =SUMIF(Recipe_Components!$A$2:$A$515,A68,Recipe_Components!$F$2:$F$515) | M68: =IF(AND(K68<>"",L68<>""),L68-K68,"") | N68: =IF(AND(G68<>"",H68<>""),G68-H68,"") | O68: =IF(G68>0,1-L68/G68,"") | S68: 2.9 | T68: 0.981164524
A69: 68 | B69: 78 | C69: Terraces | D69: Muhammara | E69: TERDIP | F69: TERDIP01 | G69: 7 | H69: 5.5 | I69: 4.0286153 | J69: 4.995483 | K69: 1.2085846 | L69: =SUMIF(Recipe_Components!$A$2:$A$515,A69,Recipe_Components!$F$2:$F$515) | M69: =IF(AND(K69<>"",L69<>""),L69-K69,"") | N69: =IF(AND(G69<>"",H69<>""),G69-H69,"") | O69: =IF(G69>0,1-L69/G69,"") | Q69: FALSE | R69: FALSE | S69: 1.5 | T69: 0.7859078709
A70: 69 | B70: 79 | C70: Terraces | D70: Babaganoush | E70: TERDIP | F70: TERDIP02 | G70: 7 | H70: 3.3 | I70: 2.3671764 | J70: 2.9352988 | K70: 0.71015293 | L70: =SUMIF(Recipe_Components!$A$2:$A$515,A70,Recipe_Components!$F$2:$F$515) | M70: =IF(AND(K70<>"",L70<>""),L70-K70,"") | N70: =IF(AND(G70<>"",H70<>""),G70-H70,"") | O70: =IF(G70>0,1-L70/G70,"") | Q70: FALSE | R70: FALSE | S70: 3.7 | T70: 0.8742014804
A71: 70 | B71: 80 | C71: Terraces | D71: Tzatsiki | E71: TERDIP | F71: TERDIP03 | G71: 7 | H71: 3.3 | I71: 2.0453891 | J71: 2.5362825 | K71: 0.61361674 | L71: =SUMIF(Recipe_Components!$A$2:$A$515,A71,Recipe_Components!$F$2:$F$515) | M71: =IF(AND(K71<>"",L71<>""),L71-K71,"") | N71: =IF(AND(G71<>"",H71<>""),G71-H71,"") | O71: =IF(G71>0,1-L71/G71,"") | Q71: FALSE | R71: FALSE | S71: 3.7 | T71: 0.891302177
A72: 71 | B72: 81 | C72: Terraces | D72: Beetroot hummus | E72: TERDIP | F72: TERDIP04 | H72: 3.3 | I72: 2.0993685 | J72: 2.6032169 | K72: 0.62981054 | L72: =SUMIF(Recipe_Components!$A$2:$A$515,A72,Recipe_Components!$F$2:$F$515) | M72: =IF(AND(K72<>"",L72<>""),L72-K72,"") | N72: =IF(AND(G72<>"",H72<>""),G72-H72,"") | O72: =IF(G72>0,1-L72/G72,"") | Q72: FALSE | R72: FALSE | S72: -3.3
A73: 72 | B73: 82 | C73: Terraces | D73: 3 dips | E73: TERDIP | F73: TERDIP05 | G73: 19 | H73: 11 | I73: 7.8411809 | J73: 9.7230643 | K73: 2.3523543 | L73: =SUMIF(Recipe_Components!$A$2:$A$515,A73,Recipe_Components!$F$2:$F$515) | M73: =IF(AND(K73<>"",L73<>""),L73-K73,"") | N73: =IF(AND(G73<>"",H73<>""),G73-H73,"") | O73: =IF(G73>0,1-L73/G73,"") | S73: 8 | T73: 0.8464779314
A74: 73 | B74: 84 | C74: Terraces | D74: Labenah | E74: TERSTART | F74: TERSTART01 | G74: 10 | H74: 5.5 | I74: 3.7489256 | J74: 4.6486677 | K74: 1.1246777 | L74: =SUMIF(Recipe_Components!$A$2:$A$515,A74,Recipe_Components!$F$2:$F$515) | M74: =IF(AND(K74<>"",L74<>""),L74-K74,"") | N74: =IF(AND(G74<>"",H74<>""),G74-H74,"") | O74: =IF(G74>0,1-L74/G74,"") | Q74: FALSE | R74: FALSE | S74: 4.5 | T74: 0.8605399677
A75: 74 | B75: 85 | C75: Terraces | D75: Grilled octopus | E75: TERSTART | F75: TERSTART02 | G75: 14 | H75: 14.3 | I75: 10.428625 | J75: 12.931495 | K75: 3.1285875 | L75: =SUMIF(Recipe_Components!$A$2:$A$515,A75,Recipe_Components!$F$2:$F$515) | M75: =IF(AND(K75<>"",L75<>""),L75-K75,"") | N75: =IF(AND(G75<>"",H75<>""),G75-H75,"") | O75: =IF(G75>0,1-L75/G75,"") | Q75: FALSE | R75: FALSE | S75: -0.3 | T75: 0.7228965357
A76: 75 | B76: 86 | C76: Terraces | D76: Prawns | E76: TERSTART | F76: TERSTART03 | G76: 14 | H76: 12.1 | I76: 8.3233333 | J76: 10.320933 | K76: 2.497 | L76: =SUMIF(Recipe_Components!$A$2:$A$515,A76,Recipe_Components!$F$2:$F$515) | M76: =IF(AND(K76<>"",L76<>""),L76-K76,"") | N76: =IF(AND(G76<>"",H76<>""),G76-H76,"") | O76: =IF(G76>0,1-L76/G76,"") | Q76: FALSE | R76: FALSE | S76: 1.9 | T76: 0.7788371429
A77: 76 | B77: 87 | C77: Terraces | D77: Cucumber gazpacho | E77: TERSTART | F77: TERSTART04 | G77: 10 | H77: 3.3 | I77: 2.061782 | J77: 2.5566097 | K77: 0.6185346 | L77: =SUMIF(Recipe_Components!$A$2:$A$515,A77,Recipe_Components!$F$2:$F$515) | M77: =IF(AND(K77<>"",L77<>""),L77-K77,"") | N77: =IF(AND(G77<>"",H77<>""),G77-H77,"") | O77: =IF(G77>0,1-L77/G77,"") | Q77: FALSE | R77: FALSE | S77: 6.7 | T77: 0.9233017096
A78: 77 | B78: 89 | C78: Terraces | D78: Fatoush salad | E78: TERSALAD | F78: TERSALAD01 | G78: 17 | H78: 5.5 | I78: 3.5813956 | J78: 4.4409305 | K78: 1.0744187 | L78: =SUMIF(Recipe_Components!$A$2:$A$515,A78,Recipe_Components!$F$2:$F$515) | M78: =IF(AND(K78<>"",L78<>""),L78-K78,"") | N78: =IF(AND(G78<>"",H78<>""),G78-H78,"") | O78: =IF(G78>0,1-L78/G78,"") | Q78: FALSE | R78: FALSE | S78: 11.5 | T78: 0.9216306384
A79: 78 | B79: 90 | C79: Terraces | D79: Roast beetroot and goats cheese salad | E79: TERSALAD | F79: TERSALAD02 | G79: 17 | H79: 7.7 | I79: 5.4568333 | J79: 6.7664733 | K79: 1.63705 | L79: =SUMIF(Recipe_Components!$A$2:$A$515,A79,Recipe_Components!$F$2:$F$515) | M79: =IF(AND(K79<>"",L79<>""),L79-K79,"") | N79: =IF(AND(G79<>"",H79<>""),G79-H79,"") | O79: =IF(G79>0,1-L79/G79,"") | Q79: FALSE | R79: FALSE | S79: 9.3 | T79: 0.8805916471
A80: 79 | B80: 91 | C80: Terraces | D80: Avocado and roasted pumkin Salad | E80: TERSALAD | F80: TERSALAD03 | H80: 5.5 | I80: 3.6064131 | J80: 4.4719523 | K80: 1.0819239 | L80: =SUMIF(Recipe_Components!$A$2:$A$515,A80,Recipe_Components!$F$2:$F$515) | M80: =IF(AND(K80<>"",L80<>""),L80-K80,"") | N80: =IF(AND(G80<>"",H80<>""),G80-H80,"") | O80: =IF(G80>0,1-L80/G80,"") | Q80: FALSE | R80: FALSE | S80: -5.5
A81: 80 | B81: 92 | C81: Terraces | D81: - add halloumi | E81: TERSALAD | F81: TERSALAD04 | H81: 6.6 | I81: 4.25 | J81: 5.27 | K81: 1.275 | L81: =SUMIF(Recipe_Components!$A$2:$A$515,A81,Recipe_Components!$F$2:$F$515) | M81: =IF(AND(K81<>"",L81<>""),L81-K81,"") | N81: =IF(AND(G81<>"",H81<>""),G81-H81,"") | O81: =IF(G81>0,1-L81/G81,"") | Q81: FALSE | R81: FALSE | S81: -6.6
A82: 81 | B82: 93 | C82: Terraces | D82: - add falafel | E82: TERSALAD | F82: TERSALAD05 | H82: 0 | I82: 0 | J82: 0 | K82: 0 | L82: =SUMIF(Recipe_Components!$A$2:$A$515,A82,Recipe_Components!$F$2:$F$515) | M82: =IF(AND(K82<>"",L82<>""),L82-K82,"") | N82: =IF(AND(G82<>"",H82<>""),G82-H82,"") | O82: =IF(G82>0,1-L82/G82,"") | Q82: FALSE | R82: FALSE | S82: 0
A83: 82 | B83: 94 | C83: Terraces | D83: - add chicken | E83: TERSALAD | F83: TERSALAD06 | H83: 3.3 | I83: 2.2666667 | J83: 2.8106667 | K83: 0.68 | L83: =SUMIF(Recipe_Components!$A$2:$A$515,A83,Recipe_Components!$F$2:$F$515) | M83: =IF(AND(K83<>"",L83<>""),L83-K83,"") | N83: =IF(AND(G83<>"",H83<>""),G83-H83,"") | O83: =IF(G83>0,1-L83/G83,"") | Q83: FALSE | R83: FALSE | S83: -3.3
A84: 83 | B84: 95 | C84: Terraces | D84: Island Tomato Salad | E84: TERSALAD | F84: TERSALAD07 | G84: 15 | H84: 0 | I84: 0 | J84: 0 | K84: 0 | L84: =SUMIF(Recipe_Components!$A$2:$A$515,A84,Recipe_Components!$F$2:$F$515) | M84: =IF(AND(K84<>"",L84<>""),L84-K84,"") | N84: =IF(AND(G84<>"",H84<>""),G84-H84,"") | O84: =IF(G84>0,1-L84/G84,"") | Q84: FALSE | R84: FALSE | S84: 15
A85: 84 | B85: 97 | C85: Terraces | D85: Firecooked Chicken | E85: TERRMAIN | F85: TERRMAIN01 | G85: 18 | H85: 6.6 | I85: 4.6333333 | J85: 5.7453333 | K85: 1.39 | L85: =SUMIF(Recipe_Components!$A$2:$A$515,A85,Recipe_Components!$F$2:$F$515) | M85: =IF(AND(K85<>"",L85<>""),L85-K85,"") | N85: =IF(AND(G85<>"",H85<>""),G85-H85,"") | O85: =IF(G85>0,1-L85/G85,"") | Q85: FALSE | R85: FALSE | S85: 11.4 | T85: 0.9042444444
A86: 85 | B86: 98 | C86: Terraces | D86: Butterflied Lamb | E86: TERRMAIN | F86: TERRMAIN02 | G86: 22 | H86: 18.7 | I86: 13.414 | J86: 16.63336 | K86: 4.0242 | L86: =SUMIF(Recipe_Components!$A$2:$A$515,A86,Recipe_Components!$F$2:$F$515) | M86: =IF(AND(K86<>"",L86<>""),L86-K86,"") | N86: =IF(AND(G86<>"",H86<>""),G86-H86,"") | O86: =IF(G86>0,1-L86/G86,"") | Q86: FALSE | R86: FALSE | S86: 3.3 | T86: 0.7731814545
A87: 86 | B87: 99 | C87: Terraces | D87: Whole grilled Seabass | E87: TERRMAIN | F87: TERRMAIN03 | G87: 29 | H87: 27.5 | I87: 19.735 | J87: 24.4714 | K87: 5.9205 | L87: =SUMIF(Recipe_Components!$A$2:$A$515,A87,Recipe_Components!$F$2:$F$515) | M87: =IF(AND(K87<>"",L87<>""),L87-K87,"") | N87: =IF(AND(G87<>"",H87<>""),G87-H87,"") | O87: =IF(G87>0,1-L87/G87,"") | Q87: FALSE | R87: FALSE | S87: 1.5 | T87: 0.7468475862
A88: 87 | B88: 100 | C88: Terraces | D88: Seared Tuna steak | E88: TERRMAIN | F88: TERRMAIN04 | H88: 20.9 | I88: 14.856667 | J88: 18.422267 | K88: 4.457 | L88: =SUMIF(Recipe_Components!$A$2:$A$515,A88,Recipe_Components!$F$2:$F$515) | M88: =IF(AND(K88<>"",L88<>""),L88-K88,"") | N88: =IF(AND(G88<>"",H88<>""),G88-H88,"") | O88: =IF(G88>0,1-L88/G88,"") | Q88: FALSE | R88: FALSE | S88: -20.9
A89: 88 | B89: 101 | C89: Terraces | D89: Roasted Cauliflower | E89: TERRMAIN | F89: TERRMAIN05 | G89: 16 | H89: 3.3 | I89: 2.0166667 | J89: 2.5006667 | K89: 0.605 | L89: =SUMIF(Recipe_Components!$A$2:$A$515,A89,Recipe_Components!$F$2:$F$515) | M89: =IF(AND(K89<>"",L89<>""),L89-K89,"") | N89: =IF(AND(G89<>"",H89<>""),G89-H89,"") | O89: =IF(G89>0,1-L89/G89,"") | Q89: FALSE | R89: FALSE | S89: 12.7 | T89: 0.9531125
A90: 89 | B90: 102 | C90: Terraces | D90: Peli Burger | E90: TERRMAIN | F90: TERRMAIN06 | H90: 4.4 | I90: 3.1611905 | J90: 3.9198762 | K90: 0.94835714 | L90: =SUMIF(Recipe_Components!$A$2:$A$515,A90,Recipe_Components!$F$2:$F$515) | M90: =IF(AND(K90<>"",L90<>""),L90-K90,"") | N90: =IF(AND(G90<>"",H90<>""),G90-H90,"") | O90: =IF(G90>0,1-L90/G90,"") | Q90: FALSE | R90: FALSE | S90: -4.4
A91: 90 | B91: 103 | C91: Terraces | D91: Fish of the Day | E91: TERRMAIN | F91: TERRMAIN07 | G91: 26 | H91: 0 | I91: 0 | J91: 0 | K91: 0 | L91: =SUMIF(Recipe_Components!$A$2:$A$515,A91,Recipe_Components!$F$2:$F$515) | M91: =IF(AND(K91<>"",L91<>""),L91-K91,"") | N91: =IF(AND(G91<>"",H91<>""),G91-H91,"") | O91: =IF(G91>0,1-L91/G91,"") | Q91: FALSE | R91: FALSE | S91: 26 | T91: 1
A92: 91 | B92: 105 | C92: Terraces | D92: - Firemade Chilli sauce | E92: TERRMAIN | F92: TERRMAIN08 | H92: 2.2 | I92: 1.2674963 | J92: 1.5716954 | K92: 0.38024889 | L92: =SUMIF(Recipe_Components!$A$2:$A$515,A92,Recipe_Components!$F$2:$F$515) | M92: =IF(AND(K92<>"",L92<>""),L92-K92,"") | N92: =IF(AND(G92<>"",H92<>""),G92-H92,"") | O92: =IF(G92>0,1-L92/G92,"") | Q92: FALSE | R92: FALSE | S92: -2.2
A93: 92 | B93: 106 | C93: Terraces | D93: - Chimichurri | E93: TERRMAIN | F93: TERRMAIN09 | H93: 2.2 | I93: 1.0866133 | J93: 1.3474005 | K93: 0.325984 | L93: =SUMIF(Recipe_Components!$A$2:$A$515,A93,Recipe_Components!$F$2:$F$515) | M93: =IF(AND(K93<>"",L93<>""),L93-K93,"") | N93: =IF(AND(G93<>"",H93<>""),G93-H93,"") | O93: =IF(G93>0,1-L93/G93,"") | Q93: FALSE | R93: FALSE | S93: -2.2
A94: 93 | B94: 107 | C94: Terraces | D94: - Roasted pepper Salsa | E94: TERRMAIN | F94: TERRMAIN10 | H94: 1.1 | I94: 0.79725333 | J94: 0.98859413 | K94: 0.239176 | L94: =SUMIF(Recipe_Components!$A$2:$A$515,A94,Recipe_Components!$F$2:$F$515) | M94: =IF(AND(K94<>"",L94<>""),L94-K94,"") | N94: =IF(AND(G94<>"",H94<>""),G94-H94,"") | O94: =IF(G94>0,1-L94/G94,"") | Q94: FALSE | R94: FALSE | S94: -1.1
A95: 94 | B95: 108 | C95: Terraces | D95: - lemon and herb | E95: TERRMAIN | F95: TERRMAIN11 | H95: 0 | I95: 0 | J95: 0 | K95: 0 | L95: =SUMIF(Recipe_Components!$A$2:$A$515,A95,Recipe_Components!$F$2:$F$515) | M95: =IF(AND(K95<>"",L95<>""),L95-K95,"") | N95: =IF(AND(G95<>"",H95<>""),G95-H95,"") | O95: =IF(G95>0,1-L95/G95,"") | Q95: FALSE | R95: FALSE | S95: 0
A96: 95 | B96: 110 | C96: Terraces | D96: Fries | E96: TERRSIDE | F96: TERRSIDE01 | G96: 5 | H96: 2.2 | I96: 1.52 | J96: 1.8848 | K96: 0.456 | L96: =SUMIF(Recipe_Components!$A$2:$A$515,A96,Recipe_Components!$F$2:$F$515) | M96: =IF(AND(K96<>"",L96<>""),L96-K96,"") | N96: =IF(AND(G96<>"",H96<>""),G96-H96,"") | O96: =IF(G96>0,1-L96/G96,"") | Q96: FALSE | R96: FALSE | S96: 2.8 | T96: 0.886912
A97: 96 | B97: 111 | C97: Terraces | D97: truffle pamersan fries | E97: TERRSIDE | F97: TERRSIDE02 | G97: 7 | H97: 3.3 | I97: 2.21 | J97: 2.7404 | K97: 0.663 | L97: =SUMIF(Recipe_Components!$A$2:$A$515,A97,Recipe_Components!$F$2:$F$515) | M97: =IF(AND(K97<>"",L97<>""),L97-K97,"") | N97: =IF(AND(G97<>"",H97<>""),G97-H97,"") | O97: =IF(G97>0,1-L97/G97,"") | Q97: FALSE | R97: FALSE | S97: 3.7 | T97: 0.8825542857
A98: 97 | B98: 112 | C98: Terraces | D98: grilled medetrranean vegetables | E98: TERRSIDE | F98: TERRSIDE03 | G98: 5 | H98: 3.3 | I98: 1.65 | J98: 2.046 | K98: 0.495 | L98: =SUMIF(Recipe_Components!$A$2:$A$515,A98,Recipe_Components!$F$2:$F$515) | M98: =IF(AND(K98<>"",L98<>""),L98-K98,"") | N98: =IF(AND(G98<>"",H98<>""),G98-H98,"") | O98: =IF(G98>0,1-L98/G98,"") | Q98: FALSE | R98: FALSE | S98: 1.7 | T98: 0.87724
A99: 98 | B99: 113 | C99: Terraces | D99: eastern spiced rice | E99: TERRSIDE | F99: TERRSIDE04 | G99: 5 | H99: 1.1 | I99: 0.48790909 | J99: 0.60500727 | K99: 0.14637273 | L99: =SUMIF(Recipe_Components!$A$2:$A$515,A99,Recipe_Components!$F$2:$F$515) | M99: =IF(AND(K99<>"",L99<>""),L99-K99,"") | N99: =IF(AND(G99<>"",H99<>""),G99-H99,"") | O99: =IF(G99>0,1-L99/G99,"") | Q99: FALSE | R99: FALSE | S99: 3.9 | T99: 0.9636995636
A100: 99 | B100: 114 | C100: Terraces | D100: Mixed leaf salad | E100: TERRSIDE | F100: TERRSIDE05 | H100: 4.4 | I100: 3.16325 | J100: 3.92243 | K100: 0.948975 | L100: =SUMIF(Recipe_Components!$A$2:$A$515,A100,Recipe_Components!$F$2:$F$515) | M100: =IF(AND(K100<>"",L100<>""),L100-K100,"") | N100: =IF(AND(G100<>"",H100<>""),G100-H100,"") | O100: =IF(G100>0,1-L100/G100,"") | Q100: FALSE | R100: FALSE | S100: -4.4
A101: 100 | B101: 115 | C101: Terraces | D101: Broccoli | L101: =SUMIF(Recipe_Components!$A$2:$A$515,A101,Recipe_Components!$F$2:$F$515) | M101: =IF(AND(K101<>"",L101<>""),L101-K101,"") | N101: =IF(AND(G101<>"",H101<>""),G101-H101,"") | O101: =IF(G101>0,1-L101/G101,"") | Q101: FALSE | R101: FALSE
A102: 101 | B102: 116 | C102: Terraces | D102: Green Slaw | E102: TERRSIDE | F102: TERRSIDE06 | G102: 5 | H102: 0 | I102: 0 | J102: 0 | K102: 0 | L102: =SUMIF(Recipe_Components!$A$2:$A$515,A102,Recipe_Components!$F$2:$F$515) | M102: =IF(AND(K102<>"",L102<>""),L102-K102,"") | N102: =IF(AND(G102<>"",H102<>""),G102-H102,"") | O102: =IF(G102>0,1-L102/G102,"") | Q102: FALSE | R102: FALSE | S102: 5 | T102: 1
A103: 102 | B103: 117 | C103: Terraces | D103: Tenderstem Special | L103: =SUMIF(Recipe_Components!$A$2:$A$515,A103,Recipe_Components!$F$2:$F$515) | M103: =IF(AND(K103<>"",L103<>""),L103-K103,"") | N103: =IF(AND(G103<>"",H103<>""),G103-H103,"") | O103: =IF(G103>0,1-L103/G103,"") | Q103: FALSE | R103: FALSE
...

Sheet Menus
A1: menu_id | B1: menu_name | C1: restaurant | D1: guest_count | E1: target_gp | F1: dishes_selected | G1: per_guest_cost | H1: current_sell_per_guest | I1: target_sell_per_guest | J1: total_food_cost | K1: current_menu_revenue | L1: target_menu_revenue | M1: current_gp | N1: gap_to_target_price
A2: 1 | B2: Tasi Demo Menu | C2: Tasi | D2: 40 | E2: 0.75 | F2: =COUNTIF(Menu_Lines!$A$2:$A$10,A2) | G2: =SUMIF(Menu_Lines!$A$2:$A$10,A2,Menu_Lines!$G$2:$G$10) | H2: =SUMIF(Menu_Lines!$A$2:$A$10,A2,Menu_Lines!$H$2:$H$10) | I2: =IF(1-E2>0,G2/(1-E2),"") | J2: =IF(AND(D2<>"",G2<>""),D2*G2,"") | K2: =IF(AND(D2<>"",H2<>""),D2*H2,"") | L2: =IF(AND(D2<>"",I2<>""),D2*I2,"") | M2: =IF(H2>0,1-G2/H2,"") | N2: =IF(AND(I2<>"",H2<>""),I2-H2,"")
A3: 2 | B3: Terraces Demo Menu | C3: Terraces | D3: 50 | E3: 0.75 | F3: =COUNTIF(Menu_Lines!$A$2:$A$10,A3) | G3: =SUMIF(Menu_Lines!$A$2:$A$10,A3,Menu_Lines!$G$2:$G$10) | H3: =SUMIF(Menu_Lines!$A$2:$A$10,A3,Menu_Lines!$H$2:$H$10) | I3: =IF(1-E3>0,G3/(1-E3),"") | J3: =IF(AND(D3<>"",G3<>""),D3*G3,"") | K3: =IF(AND(D3<>"",H3<>""),D3*H3,"") | L3: =IF(AND(D3<>"",I3<>""),D3*I3,"") | M3: =IF(H3>0,1-G3/H3,"") | N3: =IF(AND(I3<>"",H3<>""),I3-H3,"")
A4: 3 | B4: Mikro Nisi Demo Menu | C4: Mikro Nisi | D4: 60 | E4: 0.75 | F4: =COUNTIF(Menu_Lines!$A$2:$A$10,A4) | G4: =SUMIF(Menu_Lines!$A$2:$A$10,A4,Menu_Lines!$G$2:$G$10) | H4: =SUMIF(Menu_Lines!$A$2:$A$10,A4,Menu_Lines!$H$2:$H$10) | I4: =IF(1-E4>0,G4/(1-E4),"") | J4: =IF(AND(D4<>"",G4<>""),D4*G4,"") | K4: =IF(AND(D4<>"",H4<>""),D4*H4,"") | L4: =IF(AND(D4<>"",I4<>""),D4*I4,"") | M4: =IF(H4>0,1-G4/H4,"") | N4: =IF(AND(I4<>"",H4<>""),I4-H4,"")

Sheet Menu_Lines
A1: menu_id | B1: line_sort | C1: course_label | D1: recipe_id | E1: restaurant | F1: dish_name | G1: line_cost | H1: line_sale_price | I1: category
A2: 1 | B2: 1 | C2: Starter | D2: 30 | E2: Tasi | F2: Greek Salad | G2: 1.5447 | H2: 14 | I2: TASALAD
A3: 1 | B3: 2 | C3: Main | D3: 7 | E3: Tasi | F3: Spinach and sea green linguine | G3: 3.6484 | H3: 16 | I3: TAMAIN
A4: 1 | B4: 3 | C4: Dessert | D4: 62 | E4: Tasi | F4: Lemon Posset | G4: 0.7204375 | H4: 7 | I4: TADESSERT
A5: 2 | B5: 1 | C5: Dip | D5: 68 | E5: Terraces | F5: Muhammara | G5: 1.2085846 | H5: 7 | I5: TERDIP
A6: 2 | B6: 2 | C6: Main | D6: 84 | E6: Terraces | F6: Firecooked Chicken | G6: 1.39 | H6: 18 | I6: TERRMAIN
A7: 2 | B7: 3 | C7: Dessert | D7: 111 | E7: Terraces | F7: Lemon Posset | G7: 0.7204375 | H7: 7 | I7: TERRDESSERT
A8: 3 | B8: 1 | C8: Small Plate | D8: 116 | E8: Mikro Nisi | F8: Bread and Dips | G8: 0.87273079 | H8: 12 | I8: MNSMALL
A9: 3 | B9: 2 | C9: Large Plate | D9: 128 | E9: Mikro Nisi | F9: Octopus | G9: 4.92305 | H9: 18 | I9: MNLARGE
A10: 3 | B10: 3 | C10: Small Plate 2 | D10: 124 | E10: Mikro Nisi | F10: Greek salad with crumbled manouri cheese | G10: 2.4529 | H10: 12 | I10: MNSMALL

Sheet Venue_Summary
A1: restaurant | B1: recipe_count | C1: avg_gp_calc | D1: avg_current_sale_price | E1: avg_component_cost | F1: recipes_missing_price | G1: recipes_negative_variance
A2: Mikro Nisi | B2: =COUNTIF(Recipes!$C$2:$C$139,A2) | C2: =AVERAGEIF(Recipes!$C$2:$C$139,A2,Recipes!$O$2:$O$139) | D2: =AVERAGEIF(Recipes!$C$2:$C$139,A2,Recipes!$G$2:$G$139) | E2: =AVERAGEIF(Recipes!$C$2:$C$139,A2,Recipes!$L$2:$L$139) | F2: =COUNTIFS(Recipes!$C$2:$C$139,A2,Recipes!$G$2:$G$139,"") | G2: =COUNTIFS(Recipes!$C$2:$C$139,A2,Recipes!$N$2:$N$139,"<0")
A3: Tasi | B3: =COUNTIF(Recipes!$C$2:$C$139,A3) | C3: =AVERAGEIF(Recipes!$C$2:$C$139,A3,Recipes!$O$2:$O$139) | D3: =AVERAGEIF(Recipes!$C$2:$C$139,A3,Recipes!$G$2:$G$139) | E3: =AVERAGEIF(Recipes!$C$2:$C$139,A3,Recipes!$L$2:$L$139) | F3: =COUNTIFS(Recipes!$C$2:$C$139,A3,Recipes!$G$2:$G$139,"") | G3: =COUNTIFS(Recipes!$C$2:$C$139,A3,Recipes!$N$2:$N$139,"<0")
A4: Terraces | B4: =COUNTIF(Recipes!$C$2:$C$139,A4) | C4: =AVERAGEIF(Recipes!$C$2:$C$139,A4,Recipes!$O$2:$O$139) | D4: =AVERAGEIF(Recipes!$C$2:$C$139,A4,Recipes!$G$2:$G$139) | E4: =AVERAGEIF(Recipes!$C$2:$C$139,A4,Recipes!$L$2:$L$139) | F4: =COUNTIFS(Recipes!$C$2:$C$139,A4,Recipes!$G$2:$G$139,"") | G4: =COUNTIFS(Recipes!$C$2:$C$139,A4,Recipes!$N$2:$N$139,"<0")
